"","X","athlete","times_before","times_after"
"1",1,1,9.27627280064807,9.65828196873315
"2",2,2,9.1839548997417,9.65241958768713
"3",3,3,8.94721797253555,9.85626071358406
"4",4,4,9.00399039719066,9.85901565687315
"5",5,5,8.75164067886677,9.90759901385622
"6",6,6,8.68895909015144,10.2730323450723
"7",7,7,8.89352255628277,10.2694631025459
"8",8,8,8.47098360949754,9.54125377367635
"9",9,9,8.87814006291675,10.1147496407149
"10",10,10,9.45337176171608,9.6254520810446
